TYPE,"	NAME","	VALUES","	DOC"
REGK,"	WindowsActiveDesktop","	HKEY_USERS\%%users.sid%%\Software\Microsoft\Internet Explorer\Desktop\Components\*;HKEY_USERS\%%users.sid%%\Software\Microsoft\Internet Explorer\Desktop\Components\*	",Windows Active Desktop executable paths -used for persistence.
FILE,"	WindowsActivitiesCache","	%%users.localappdata%%\ConnectedDevicesPlatform\L.%%users.username%%\ActivitiesCache.db","	Windows Activity Cache SQLite Database"
REGV,"	WindowsAlternateShell","	HKEY_LOCAL_MACHINE\System\CurrentControlSet\Control\SafeBoot;AlternateShell;HKEY_LOCAL_MACHINE\System\CurrentControlSet\Control\SafeBoot\Option;UseAlternateShell","	Alternate Shell to be run via Userinit."
FILE,"	WindowsAMCacheHveFile","	%%environ_systemroot%%\AppCompat\Programs\Amcache.hve","	The AMCache.hve Windows NT Registry file."
REGK,"	WindowsAppCertDLLs","	HKEY_LOCAL_MACHINE\System\CurrentControlSet\Control\Session Manager\AppCertDLLs","	Windows AppCertDLLs persistence."
REGV,"	WindowsAppCompatCache","	HKEY_LOCAL_MACHINE\System\CurrentControlSet\Control\Session Manager\AppCompatibility;AppCompatCache;HKEY_LOCAL_MACHINE\System\CurrentControlSet\Control\Session Manager\AppCompatCache;AppCompatCache","	Windows Application Compatibility Cache"
REGV,"	WindowsAppInitDLLs","	HKEY_LOCAL_MACHINE\Software\Microsoft\Windows NT\CurrentVersion\Windows;AppInit_DLLs;HKEY_LOCAL_MACHINE\Software\Wow6432Node\Microsoft\Windows NT\CurrentVersion\Windows;AppInit_DLLs;HKEY_USERS\%%users.sid%%\Software\Microsoft\Windows NT\CurrentVersion\Windows;AppInit_DLLs;HKEY_USERS\%%users.sid%%\Software\Wow6432Node\Microsoft\Windows NT\CurrentVersion\Windows;AppInit_DLLs","	AppInit DLLs is a mechanism that allows an arbitrary list of DLLs to be loaded into each user mode process on the system."
REGK,"	WindowsApplicationRegistration","	HKEY_LOCAL_MACHINE\Software\Microsoft\Windows\CurrentVersion\App Paths\*;HKEY_LOCAL_MACHINE\Software\Wow6432Node\Microsoft\Windows\CurrentVersion\App Paths\*","	Windows Application Registration (AppPath) Registry keys"
FILE,"	WinAppXRT","	%%environ_systemroot%%\system32\WinAppXRT.dll;%%environ_systemroot%%\WinAppXRT.dll;%%environ_systemroot%%\System32\Wbem\WinAppXRT.dll;%%environ_systemroot%%\System32\WindowsPowerShell\v1.0\WinAppXRT.dll","	WinAppXRT DLL loaded by .Net applications when the APPX_PROCESS environment variable is set."
FILE,"	WindowsAutoexecBat","	%%environ_systemdrive%%\autoexec.bat;%%environ_windir%%\autoexec.nt","	Windows autoexec.bat file"
REGV,"	WindowsAutomaticDebugging","	HKEY_LOCAL_MACHINE\Software\Microsoft\Windows NT\CurrentVersion\AeDebug;Debugger","	Windows automatic debugging (Aedebug)"
REGK,"	WindowsAutomaticDebuggingExclusionList","	HKEY_LOCAL_MACHINE\Software\Microsoft\Windows NT\CurrentVersion\AutoExclusionList\*","	Windows automatic debugging (Aedebug) exclusion list"
FILE,"	WindowsAutorun","	%%environ_systemdrive%%\autorun.inf","	Filebased Tests."
REGK,"	WindowsAvailableTimeZones","	HKEY_LOCAL_MACHINE\Software\Microsoft\Windows NT\CurrentVersion\Time Zones\*\*","	Timezones available on a Windows system."
FILE,"	WindowsBITSQueueManagerDatabases","	%%environ_allusersprofile%%\Microsoft\Network\Downloader\qmgr*.dat","	Databases that contain the Windows BITS jobs definition and state."
REGV,"	WindowsBootVerificationProgram","	HKEY_LOCAL_MACHINE\System\CurrentControlSet\Control\BootVerificationProgram;ImagePath","	Path to custom startup verification program."
FILE,"	WindowsCIMRepositoryFiles","	%%environ_systemroot%%\System32\wbem\Repository\INDEX.BTR;%%environ_systemroot%%\System32\wbem\Repository\INDEX.MAP;%%environ_systemroot%%\System32\wbem\Repository\MAPPING.VER;%%environ_systemroot%%\System32\wbem\Repository\MAPPING[1-3].MAP;%%environ_systemroot%%\System32\wbem\Repository\OBJECTS.DATA;%%environ_systemroot%%\System32\wbem\Repository\OBJECTS.MAP","	Windows CIM repository that defines every piece of data exposed by WMI"
REGV,"	WindowsCodePage","	HKEY_LOCAL_MACHINE\System\CurrentControlSet\Control\Nls\CodePage;ACP","	The code page of the system."
REGV,"	WindowsComputerName","	HKEY_LOCAL_MACHINE\System\CurrentControlSet\Control\ComputerName\ComputerName;ComputerName","	The name of the system."
REGV,"	WindowsCommandProcessorAutoRun","	HKEY_LOCAL_MACHINE\Software\Microsoft\Command Processor;AutoRun;HKEY_LOCAL_MACHINE\Software\Wow6432Node\Microsoft\Command Processor;AutoRun;HKEY_USERS\%%users.sid%%\Software\Microsoft\Command Processor;AutoRun;HKEY_USERS\%%users.sid%%\Software\Wow6432Node\Microsoft\Command Processor;AutoRun","	Commands that are run each time the Command Processor (Cmd.exe) is started."
REGV,"	WindowsCOMInprocHandlers","	HKEY_LOCAL_MACHINE\Software\Classes\CLSID\*;InprocHandler;HKEY_LOCAL_MACHINE\Software\Classes\CLSID\*;InprocHandler32;HKEY_LOCAL_MACHINE\Software\Classes\Wow6432Node\CLSID\*;InprocHandler;HKEY_LOCAL_MACHINE\Software\Classes\Wow6432Node\CLSID\*;InprocHandler32;HKEY_USERS\%%users.sid%%\Software\Classes\CLSID\*;InprocHandler;HKEY_USERS\%%users.sid%%\Software\Classes\CLSID\*;InprocHandler32;HKEY_USERS\%%users.sid%%\Software\Classes\Wow6432Node\CLSID\*;InprocHandler;HKEY_USERS\%%users.sid%%\Software\Classes\Wow6432Node\CLSID\*;InprocHandler32","	Windows COM in-process handlers"
REGV,"	WindowsCOMInprocServers","	HKEY_LOCAL_MACHINE\Software\Classes\CLSID\*\InprocServer;;HKEY_LOCAL_MACHINE\Software\Classes\CLSID\*\InprocServer32;;HKEY_LOCAL_MACHINE\Software\Classes\Wow6432Node\CLSID\*\InprocServer;;HKEY_LOCAL_MACHINE\Software\Classes\Wow6432Node\CLSID\*\InprocServer32;;HKEY_USERS\%%users.sid%%\Software\Classes\CLSID\*\InprocServer;;HKEY_USERS\%%users.sid%%\Software\Classes\CLSID\*\InprocServer32;;HKEY_USERS\%%users.sid%%\Software\Classes\Wow6432Node\CLSID\*\InprocServer;;HKEY_USERS\%%users.sid%%\Software\Classes\Wow6432Node\CLSID\*\InprocServer32;","	Windows COM in-process servers"
REGV,"	WindowsCOMLocalServers","	HKEY_LOCAL_MACHINE\Software\Classes\CLSID\*;LocalServer;HKEY_LOCAL_MACHINE\Software\Classes\CLSID\*\LocalServer32;;HKEY_LOCAL_MACHINE\Software\Classes\CLSID\*\LocalServer32;ServerExecutable;HKEY_LOCAL_MACHINE\Software\Classes\Wow6432Node\CLSID\*;LocalServer;HKEY_LOCAL_MACHINE\Software\Classes\Wow6432Node\CLSID\*\LocalServer32;;HKEY_LOCAL_MACHINE\Software\Classes\Wow6432Node\CLSID\*\LocalServer32;ServerExecutable;HKEY_USERS\%%users.sid%%\Software\Classes\CLSID\*;LocalServer;HKEY_USERS\%%users.sid%%\Software\Classes\CLSID\*\LocalServer32;;HKEY_USERS\%%users.sid%%\Software\Classes\CLSID\*\LocalServer32;ServerExecutable;HKEY_USERS\%%users.sid%%\Software\Classes\Wow6432Node\CLSID\*;LocalServer;HKEY_USERS\%%users.sid%%\Software\Classes\Wow6432Node\CLSID\*\LocalServer32;;HKEY_USERS\%%users.sid%%\Software\Classes\Wow6432Node\CLSID\*\LocalServer32;ServerExecutable","	Windows COM local servers"
REGV,"	WindowsCOMRegisteredTypeLibraries","	HKEY_LOCAL_MACHINE\Software\Classes\Typelib\*\*\*\*;;KEY_LOCAL_MACHINE\Software\Classes\Wow6432Node\Typelib\*\*\*\*;;HKEY_USERS\%%users.sid%%\Software\Classes\Typelib\*\*\*\*;;HKEY_USERS\%%users.sid%%\Software\Classes\Wow6432Node\Typelib\*\*\*\*;","	Windows COM registered type libraries"
FILE,"	WindowsConfigSys","	%%environ_systemdrive%%\config.sys;%%environ_windir%%\config.nt","	Windows config.sys file"
REGK,"	WindowsControlPanelFilePaths","	HKEY_LOCAL_MACHINE\Software\Microsoft\Windows\CurrentVersion\Control Panel\CPLs;HKEY_LOCAL_MACHINE\Software\Wow6432Node\Microsoft\Windows\CurrentVersion\Control Panel\CPLs;HKEY_USERS\%%users.sid%%\Software\Microsoft\Windows\CurrentVersion\Control Panel\CPLs;HKEY_USERS\%%users.sid%%\Software\Wow6432Node\Microsoft\Windows\CurrentVersion\Control Panel\CPLs","	DLLs listed here will be run when the user opens the Windows Control Panel."
REGK,"	WindowsCredentialProviderFilters","	HKEY_LOCAL_MACHINE\Software\Microsoft\Windows\CurrentVersion\Authentication\Credential Provider Filters\*;HKEY_LOCAL_MACHINE\Software\Wow6432Node\Microsoft\Windows\CurrentVersion\Authentication\Credential Provider Filters\*","	Windows Credential Provider Filters"
FILE,"	WindowsCommonFilePlacementAttacks","	%%environ_programfiles%%\Internet Explorer\sxs.dll;%%environ_programfilesx86%%\Internet Explorer\sxs.dll;%%environ_systemdrive%%\explorer.exe;%%environ_systemdrive%%\program.exe;%%environ_systemdrive%%\linkinfo.dll;%%environ_systemdrive%%\ntshrui.dll;%%environ_systemdrive%%\System32\oci.dll;%%environ_systemroot%%\System32\sysprep\cryptbase.dl;%%environ_systemroot%%\SysWOW64\oci.dll;%%environ_systemroot%%\SysWOW64\sysprep\cryptbase.dll","	Common files associated with search order hijacking and other file placement attacks."
REGV,"	WindowsCurrentVersion","	HKEY_LOCAL_MACHINE\Software\Microsoft\Windows NT\CurrentVersion;CurrentVersion","	The Windows current verson"
REGV,"	WindowsDebugger","	KEY_LOCAL_MACHINE\Software\Microsoft\Windows NT\CurrentVersion\Image File Execution Options\*;Debugger;HKEY_LOCAL_MACHINE\Software\Wow6432Node\Microsoft\Windows NT\CurrentVersion\Image File Execution Options\*;Debugger;HKEY_USERS\%%users.sid%%\Software\Microsoft\Windows NT\CurrentVersion\Image File Execution Options\*;Debugger;HKEY_USERS\%%users.sid%%\Software\Wow6432Node\Microsoft\Windows NT\CurrentVersion\Image File Execution Options\*;Debugger","	Windows Debugger peristence or AV disable."
REGV,"	WindowsDomainName","	HKEY_LOCAL_MACHINE\System\CurrentControlSet\Services\Tcpip\Parameters;Domain","	The domain the system is connected to."
REGV,"	WindowsEnvironmentUserLoginScripts","	HKEY_USERS\%%users.sid%%\Environment;UserInitLogonServer;HKEY_USERS\%%users.sid%%\Environment;UserInitLogonScript;HKEY_USERS\%%users.sid%%\Environment;UserInitMprLogonScript","	User login scripts configured via Windows environment variables."
REGV,"	WindowsEnvironmentVariableAllUsersProfile","	HKEY_LOCAL_MACHINE\Software\Microsoft\Windows NT\CurrentVersion\ProfileList;AllUsersProfile",Environment Variable for All Users
REGV,"	WindowsEnvironmentVariableAppxProcess","	HKEY_USERS\%%users.sid%%\Environment;APPX_PROCESS","	If set .NET apps try to load WinAppXRT.dll from PATH for persistence potentially."
REGV,"	WindowsEnvironmentVariablePath","	HKEY_LOCAL_MACHINE\System\CurrentControlSet\Control\Session Manager\Environment;Path","	The %PATH% environment variable."
REGV,"	WindowsEnvironmentVariableProfilesDirectory","	HKEY_LOCAL_MACHINE\Software\Microsoft\Windows NT\CurrentVersion\ProfileList;ProfilesDirectory","	older that typically contains users' profile directories - default is C:\Users"
REGV,"	WindowsEnvironmentVariableProgramData","	HKEY_LOCAL_MACHINE\Software\Microsoft\Windows NT\CurrentVersion\ProfileList;ProgramData","	The %ProgramData% environment variable."
REGV,"	WindowsEnvironmentVariableProgramFiles","	HKEY_LOCAL_MACHINE\Software\Microsoft\Windows\CurrentVersion;ProgramFilesDir","	The %ProgramFiles% environment variable."
REGV,"	WindowsEnvironmentVariableProgramFilesX86","	HKEY_LOCAL_MACHINE\Software\Microsoft\Windows\CurrentVersion;ProgramFilesDir (x86)","	The %ProgramFiles(x86)% environment variable."
REGV,"	WindowsEnvironmentVariableSystemRoot","	HKEY_LOCAL_MACHINE\Software\Microsoft\Windows NT\CurrentVersion;SystemRoot","	""The system root directory path defined by %SystemRoot% typically """"C:\Windows""""."""
REGV,"	WindowsEnvironmentVariableTemp","	HKEY_LOCAL_MACHINE\System\CurrentControlSet\Control\Session Manager\Environment;TEMP","	The %TEMP% environment variable"
REGV,"	WindowsEnvironmentVariableWinDir","	HKEY_LOCAL_MACHINE\System\CurrentControlSet\Control\Session Manager\Environment;windir","	The %WinDir% environment variable."
FILE,"	WindowsXMLEventLogApplication","	%%environ_systemroot%%\System32\winevt\Logs\Application.evtx","	Application Windows XML Event Log."
FILE,"	WindowsXMLEventLogSecurity","	%%environ_systemroot%%\System32\winevt\Logs\Security.evtx","	Security Windows XML Event Log."
FILE,"	WindowsXMLEventLogSysmon","	%%environ_systemroot%%\System32\winevt\Logs\Microsoft-Windows-Sysmon%4Operational.evtx","	Sysmon Windows XML Event Log."
FILE,"	WindowsXMLEventLogSystem","	%%environ_systemroot%%\System32\winevt\Logs\System.evtx","	System Windows XML Event Log."
FILE,"	WindowsXMLEventLogTerminalServices","	%%environ_systemroot%%\System32\winevt\Logs\Microsoft-Windows-TerminalServices-LocalSessionManager%4Operational.evtx","	Services Windows XML Event Log."
REGV,"	WindowsExcludeFromKnownDLLs","	HKEY_LOCAL_MACHINE\System\CurrentControlSet\Control\Session Manager;ExcludeFromKnownDLLs","	ExcludeFromKnownDLLs can be used to bypass search order hijacking protection."
REGV,"	WindowsExplorerAppKey","	HKEY_LOCAL_MACHINE\SOFTWARE\Microsoft\Windows\CurrentVersion\Explorer\AppKey\*;ShellExecute","	Handlers for special keys on some keyboards (file path or CLSID)."
REGK,"	WindowsExplorerAutoplayHandlers	",HKEY_LOCAL_MACHINE\Software\Microsoft\Windows\CurrentVersion\Explorer\AutoplayHandlers\Handlers\*,"	Handlers for autoplay events in Windows Explorer."
REGV,"	WindowsExplorerContextMenuHandlers	",HKEY_LOCAL_MACHINE\SOFTWARE\Microsoft\Windows\CurrentVersion\Explorer\CommandStore\shell\*;CommandStateHandler;HKEY_LOCAL_MACHINE\SOFTWARE\Microsoft\Windows\CurrentVersion\Explorer\CommandStore\shell\*;ExplorerCommandHandler;HKEY_LOCAL_MACHINE\SOFTWARE\Microsoft\Windows\CurrentVersion\Explorer\CommandStore\shell\*;command;HKEY_LOCAL_MACHINE\SOFTWARE\Microsoft\Windows\CurrentVersion\Explorer\CommandStore\shell\*;DelegateExecute,"	Handlers for subcommands on context menu"
REGK,"	WindowsExplorerNamespaceCommonPlaces","	HKEY_LOCAL_MACHINE\Software\Microsoft\Windows\CurrentVersion\Explorer\CommonPlaces\NameSpace;HKEY_LOCAL_MACHINE\Software\Wow6432Node\Microsoft\Windows\CurrentVersion\Explorer\CommonPlaces\NameSpace;HKEY_USERS\%%users.sid%%\Software\Microsoft\Windows\CurrentVersion\Explorer\CommonPlaces\NameSpace;HKEY_USERS\%%users.sid%%\Software\Wow6432Node\Microsoft\Windows\CurrentVersion\Explorer\CommonPlaces\NameSpace;HKEY_LOCAL_MACHINE\Software\Microsoft\Windows\CurrentVersion\Explorer\CommonPlaces\NameSpace\DelegateFolders;HKEY_LOCAL_MACHINE\Software\Wow6432Node\Microsoft\Windows\CurrentVersion\Explorer\CommonPlaces\NameSpace\DelegateFolders;HKEY_USERS\%%users.sid%%\Software\Microsoft\Windows\CurrentVersion\Explorer\CommonPlaces\NameSpace\DelegateFolders;HKEY_USERS\%%users.sid%%\Software\Wow6432Node\Microsoft\Windows\CurrentVersion\Explorer\CommonPlaces\NameSpace\DelegateFolders;HKEY_USERS\%%users.sid%%\Software\Microsoft\Windows\CurrentVersion\Explorer\SessionInfo\*\CommonPlaces\NameSpace;HKEY_USERS\%%users.sid%%\Software\Wow6432Node\Microsoft\Windows\CurrentVersion\Explorer\SessionInfo\*\CommonPlaces\NameSpace;HKEY_USERS\%%users.sid%%\Software\Microsoft\Windows\CurrentVersion\Explorer\SessionInfo\*\CommonPlaces\NameSpace\DelegateFolders;HKEY_USERS\%%users.sid%%\Software\Wow6432Node\Microsoft\Windows\CurrentVersion\Explorer\SessionInfo\*\CommonPlaces\NameSpace\DelegateFolders","	CLSIDs listed here are used to populate the Common Places items."
REGK,"	WindowsExplorerNamespaceControlPanel","	HKEY_LOCAL_MACHINE\Software\Microsoft\Windows\CurrentVersion\Explorer\ControlPanel\NameSpace;HKEY_USERS\%%users.sid%%\Software\Microsoft\Windows\CurrentVersion\Explorer\ControlPanel\NameSpace;HKEY_LOCAL_MACHINE\Software\Microsoft\Windows\CurrentVersion\Explorer\ControlPanel\NameSpace\DelegateFolders;HKEY_USERS\%%users.sid%%\Software\Microsoft\Windows\CurrentVersion\Explorer\ControlPanel\NameSpace\DelegateFolders;HKEY_USERS\%%users.sid%%\Software\Microsoft\Windows\CurrentVersion\Explorer\SessionInfo\*\ControlPanel\NameSpace;HKEY_USERS\%%users.sid%%\Software\Microsoft\Windows\CurrentVersion\Explorer\SessionInfo\*\ControlPanel\NameSpace\DelegateFolders;HKEY_LOCAL_MACHINE\Software\Microsoft\Windows\CurrentVersion\Explorer\ControlPanelWOW64\NameSpace;HKEY_USERS\%%users.sid%%\Software\Microsoft\Windows\CurrentVersion\Explorer\ControlPanelWOW64\NameSpace;HKEY_LOCAL_MACHINE\Software\Microsoft\Windows\CurrentVersion\Explorer\ControlPanel\NameSpaceWOW64\DelegateFolders;HKEY_USERS\%%users.sid%%\Software\Microsoft\Windows\CurrentVersion\Explorer\ControlPanelWOW64\NameSpace\DelegateFolders;HKEY_USERS\%%users.sid%%\Software\Microsoft\Windows\CurrentVersion\Explorer\SessionInfo\*\ControlPanelWOW64\NameSpace;HKEY_USERS\%%users.sid%%\Software\Microsoft\Windows\CurrentVersion\Explorer\SessionInfo\*\ControlPanelWOW64\NameSpace\DelegateFolders;HKEY_LOCAL_MACHINE\Software\Wow6432Node\Microsoft\Windows\CurrentVersion\Explorer\ControlPanel\NameSpace;HKEY_USERS\%%users.sid%%\Software\Wow6432Node\Microsoft\Windows\CurrentVersion\Explorer\ControlPanel\NameSpace;HKEY_LOCAL_MACHINE\Software\Wow6432Node\Microsoft\Windows\CurrentVersion\Explorer\ControlPanel\NameSpace\DelegateFolders;HKEY_USERS\%%users.sid%%\Software\Wow6432Node\Microsoft\Windows\CurrentVersion\Explorer\ControlPanel\NameSpace\DelegateFolders;HKEY_USERS\%%users.sid%%\Software\Wow6432Node\Microsoft\Windows\CurrentVersion\Explorer\SessionInfo\*\ControlPanel\NameSpace;HKEY_USERS\%%users.sid%%\Software\Wow6432Node\Microsoft\Windows\CurrentVersion\Explorer\SessionInfo\*\ControlPanel\NameSpace\DelegateFolders;HKEY_LOCAL_MACHINE\Software\Wow6432Node\Microsoft\Windows\CurrentVersion\Explorer\ControlPanelWOW64\NameSpace;HKEY_USERS\%%users.sid%%\Wow6432Node\Software\Microsoft\Windows\CurrentVersion\Explorer\SessionInfo\*\ControlPanelWOW64\NameSpace\DelegateFolders","	CLSIDs listed here are used to populate the Control Panel items."
REGK,"	WindowsExplorerNamespaceDesktop","	HKEY_LOCAL_MACHINE\Software\Microsoft\Windows\CurrentVersion\Explorer\Desktop\NameSpace;HKEY_USERS\%%users.sid%%\Software\Microsoft\Windows\CurrentVersion\Explorer\Desktop\NameSpace;HKEY_LOCAL_MACHINE\Software\Microsoft\Windows\CurrentVersion\Explorer\Desktop\NameSpace\DelegateFolders;HKEY_USERS\%%users.sid%%\Software\Microsoft\Windows\CurrentVersion\Explorer\Desktop\NameSpace\DelegateFolders;HKEY_USERS\%%users.sid%%\Software\Microsoft\Windows\CurrentVersion\Explorer\SessionInfo\*\Desktop\NameSpace;HKEY_USERS\%%users.sid%%\Software\Microsoft\Windows\CurrentVersion\Explorer\SessionInfo\*\Desktop\NameSpace\DelegateFolders;HKEY_LOCAL_MACHINE\Software\Wow6432Node\Microsoft\Windows\CurrentVersion\Explorer\Desktop\NameSpace;HKEY_USERS\%%users.sid%%\Software\Wow6432Node\Microsoft\Windows\CurrentVersion\Explorer\Desktop\NameSpace;HKEY_LOCAL_MACHINE\Software\Microsoft\Wow6432Node\Windows\CurrentVersion\Explorer\Desktop\NameSpace\DelegateFolders;HKEY_USERS\%%users.sid%%\Software\Wow6432Node\Microsoft\Windows\CurrentVersion\Explorer\Desktop\NameSpace\DelegateFolders;HKEY_USERS\%%users.sid%%\Software\Wow6432Node\Microsoft\Windows\CurrentVersion\Explorer\SessionInfo\*\Desktop\NameSpace;HKEY_USERS\%%users.sid%%\Software\Wow6432Node\Microsoft\Windows\CurrentVersion\Explorer\SessionInfo\*\Desktop\NameSpace\DelegateFolders","	CLSIDs listed here are used to populate the Desktop items."
REGK,"	WindowsExplorerNamespaceMyComputer","	HKEY_LOCAL_MACHINE\Software\Microsoft\Windows\CurrentVersion\Explorer\MyComputer\NameSpace;HKEY_USERS\%%users.sid%%\Software\Microsoft\Windows\CurrentVersion\Explorer\MyComputer\NameSpace;HKEY_LOCAL_MACHINE\Software\Microsoft\Windows\CurrentVersion\Explorer\MyComputer\NameSpace\DelegateFolders;HKEY_USERS\%%users.sid%%\Software\Microsoft\Windows\CurrentVersion\Explorer\MyComputer\NameSpace\DelegateFolders;HKEY_USERS\%%users.sid%%\Software\Microsoft\Windows\CurrentVersion\Explorer\SessionInfo\*\MyComputer\NameSpace;HKEY_USERS\%%users.sid%%\Software\Microsoft\Windows\CurrentVersion\Explorer\SessionInfo\*\MyComputer\NameSpace\DelegateFolders;HKEY_LOCAL_MACHINE\Software\Wow6432Node\Microsoft\Windows\CurrentVersion\Explorer\MyComputer\NameSpace;HKEY_USERS\%%users.sid%%\Software\Wow6432Node\Microsoft\Windows\CurrentVersion\Explorer\MyComputer\NameSpace;HKEY_LOCAL_MACHINE\Software\Microsoft\Wow6432Node\Windows\CurrentVersion\Explorer\MyComputer\NameSpace\DelegateFolders;HKEY_USERS\%%users.sid%%\Software\Wow6432Node\Microsoft\Windows\CurrentVersion\Explorer\MyComputer\NameSpace\DelegateFolders;HKEY_USERS\%%users.sid%%\Software\Wow6432Node\Microsoft\Windows\CurrentVersion\Explorer\SessionInfo\*\MyComputer\NameSpace;HKEY_USERS\%%users.sid%%\Software\Wow6432Node\Microsoft\Windows\CurrentVersion\Explorer\SessionInfo\*\MyComputer\NameSpace\DelegateFolders","	CLSIDs listed here are used to populate the MyComputer items."
REGK,"	WindowsExplorerNamespaceNetworkNeighborhood","	HKEY_LOCAL_MACHINE\Software\Microsoft\Windows\CurrentVersion\Explorer\NetworkNeighborhood\NameSpace;HKEY_USERS\%%users.sid%%\Software\Microsoft\Windows\CurrentVersion\Explorer\NetworkNeighborhood\NameSpace;HKEY_LOCAL_MACHINE\Software\Microsoft\Windows\CurrentVersion\Explorer\NetworkNeighborhood\NameSpace\DelegateFolders;HKEY_USERS\%%users.sid%%\Software\Microsoft\Windows\CurrentVersion\Explorer\NetworkNeighborhood\NameSpace\DelegateFolders;HKEY_USERS\%%users.sid%%\Software\Microsoft\Windows\CurrentVersion\Explorer\SessionInfo\*\NetworkNeighborhood\NameSpace;HKEY_USERS\%%users.sid%%\Software\Microsoft\Windows\CurrentVersion\Explorer\SessionInfo\*\NetworkNeighborhood\NameSpace\DelegateFolders;HKEY_LOCAL_MACHINE\Software\Wow6432Node\Microsoft\Windows\CurrentVersion\Explorer\NetworkNeighborhood\NameSpace;HKEY_USERS\%%users.sid%%\Software\Wow6432Node\Microsoft\Windows\CurrentVersion\Explorer\NetworkNeighborhood\NameSpace;HKEY_LOCAL_MACHINE\Software\Wow6432Node\Microsoft\Windows\CurrentVersion\Explorer\NetworkNeighborhood\NameSpace\DelegateFolders;HKEY_USERS\%%users.sid%%\Software\Wow6432Node\Microsoft\Windows\CurrentVersion\Explorer\NetworkNeighborhood\NameSpace\DelegateFolders;HKEY_USERS\%%users.sid%%\Software\Wow6432Node\Microsoft\Windows\CurrentVersion\Explorer\SessionInfo\*\NetworkNeighborhood\NameSpace;HKEY_USERS\%%users.sid%%\Software\Wow6432Node\Microsoft\Windows\CurrentVersion\Explorer\SessionInfo\*\NetworkNeighborhood\NameSpace\DelegateFolders","	CLSIDs listed here are used to populate the Network Neighborhood items."
REGK,"	WindowsExplorerNamespacePrintersAndFaxes	",HKEY_LOCAL_MACHINE\Software\Microsoft\Windows\CurrentVersion\Explorer\PrintersAndFaxes\NameSpace;HKEY_USERS\%%users.sid%%\Software\Microsoft\Windows\CurrentVersion\Explorer\PrintersAndFaxes\NameSpace;HKEY_LOCAL_MACHINE\Software\Microsoft\Windows\CurrentVersion\Explorer\PrintersAndFaxes\NameSpace\DelegateFolders;HKEY_USERS\%%users.sid%%\Software\Microsoft\Windows\CurrentVersion\Explorer\PrintersAndFaxes\NameSpace\DelegateFolders;HKEY_USERS\%%users.sid%%\Software\Microsoft\Windows\CurrentVersion\Explorer\SessionInfo\*\PrintersAndFaxes\NameSpace;HKEY_USERS\%%users.sid%%\Software\Microsoft\Windows\CurrentVersion\Explorer\SessionInfo\*\PrintersAndFaxes\NameSpace\DelegateFolders;HKEY_LOCAL_MACHINE\Software\Wow6432Node\Microsoft\Windows\CurrentVersion\Explorer\PrintersAndFaxes\NameSpace;HKEY_USERS\%%users.sid%%\Software\Wow6432Node\Microsoft\Windows\CurrentVersion\Explorer\PrintersAndFaxes\NameSpace;HKEY_LOCAL_MACHINE\Software\Wow6432Node\Microsoft\Windows\CurrentVersion\Explorer\PrintersAndFaxes\NameSpace\DelegateFolders;HKEY_USERS\%%users.sid%%\Software\Wow6432Node\Microsoft\Windows\CurrentVersion\Explorer\PrintersAndFaxes\NameSpace\DelegateFolders;HKEY_USERS\%%users.sid%%\Software\Wow6432Node\Microsoft\Windows\CurrentVersion\Explorer\SessionInfo\*\PrintersAndFaxes\NameSpace;HKEY_USERS\%%users.sid%%\Software\Wow6432Node\Microsoft\Windows\CurrentVersion\Explorer\SessionInfo\*\PrintersAndFaxes\NameSpace\DelegateFolders,"	CLSIDs listed here are used to populate the Printer and Fax items."
REGK,"	WindowsFileTypeAutorunAssociations","	HKEY_LOCAL_MACHINE\Software\Classes\.*;HKEY_LOCAL_MACHINE\Software\Classes\Wow6432Node\.*;HKEY_USERS\%%users.sid%%\Software\Classes\.*;HKEY_USERS\%%users.sid%%\Software\Classes\Wow6432Node\.*","	Registry value for what application class identifier (CLSID) to launch for a file extension."
FILE,"	WindowsFirewallLogFile	",%%environ_systemroot%%\System32\logfiles\firewall\pfirewall.log,"	Windows Firewall default logfile"
CMD,"	WindowsFirewallEnabledRules	",netsh.exe advfirewall monitor show firewall rule name=all,"	Command to list the enabled Windows Firewall rules."
CMD,"	WindowsFirewallRules	",netsh.exe advfirewall firewall show rule name=all,"	Command to list the configured Windows Firewall rules."
FILE,"	WindowsGroupPolicyScripts	",%%environ_systemroot%%\System32\GroupPolicy\User\Scripts\psscripts.ini;%%environ_systemroot%%\System32\GroupPolicy\User\Scripts\scripts.ini;%%environ_systemroot%%\System32\GroupPolicy\User\Scripts\Logoff\*;%%environ_systemroot%%\System32\GroupPolicy\User\Scripts\Logon\*;%%environ_systemroot%%\System32\GroupPolicy\Machine\Scripts\psscripts.ini;%%environ_systemroot%%\System32\GroupPolicy\Machine\Scripts\scripts.ini;%%environ_systemroot%%\System32\GroupPolicy\Machine\Scripts\Shutdown\*;%%environ_systemroot%%\System32\GroupPolicy\Machine\Scripts\Startup\*,"	Windows group policy scripts"
FILE,"	WindowsHostsFiles	",%%environ_systemroot%%\System32\Drivers\etc\Lmhosts;%%environ_systemroot%%\System32\Drivers\etc\hosts,"	The Windows hosts and lmhosts file"
FILE,"	WindowsHotkeyReplacement	",%%environ_systemroot%%\System32\magnifier.exe;%%environ_systemroot%%\System32\sethc.exe;%%environ_systemroot%%\System32\utilman.exe,"	Hotkey executable replacement."
REGV,"	WindowsInstallationDateTime	",HKEY_LOCAL_MACHINE\Software\Microsoft\Windows NT\CurrentVersion;InstallDate,"	Windows installation date and time"
REGV,"	WindowsLogoffScript	",HKEY_USERS\%%users.sid%%\Software\Policies\Microsoft\Windows\System\Scripts;Logoff;HKEY_LOCAL_MACHINE\Software\Policies\Microsoft\Windows\System\Scripts;Logoff,"	Windows policy logoff script"
REGV,"	WindowsLogonScript	",HKEY_USERS\%%users.sid%%\Software\Policies\Microsoft\Windows\System\Scripts;Logon;HKEY_LOCAL_MACHINE\Software\Policies\Microsoft\Windows\System\Scripts;Logon,"	Windows policy logon scrip"
REGV,"	WindowsLSAAuthenticationPackages","	HKEY_LOCAL_MACHINE\System\CurrentControlSet\Control\Lsa;Authentication Packages;HKEY_LOCAL_MACHINE\System\CurrentControlSet\Control\Lsa\OSConfig;Authentication Packages","	Authentication Packages can be injected into LSASS."
REGV,"	WindowsLSANotificationPackages","	HKEY_LOCAL_MACHINE\System\CurrentControlSet\Control\Lsa;Notification Packages;HKEY_LOCAL_MACHINE\System\CurrentControlSet\Control\Lsa\OSConfig;Notification Packages","	Notification Packages can be injected into LSASS."
REGV,"	WindowsLSASecurityPackages","	HKEY_LOCAL_MACHINE\System\CurrentControlSet\Control\Lsa;Security Packages;HKEY_LOCAL_MACHINE\System\CurrentControlSet\Control\Lsa\OSConfig;Security Packages","	Security Packages can be injected into LSASS."
FILE,"	WindowsMetroApplicationCache","	%%users.localappdata%%\Packages\*\AC\INetCache","	Windows Metro application cache."
FILE,"	WindowsMetroApplicationCookies	",%%users.localappdata%%\Packages\*\AC\INetCookies,"	Windows Metro application cookies."
FILE,"	WindowsMetroApplicationHistory	",%%users.localappdata%%\Packages\*\AC\INetHistory,"	Windows Metro application history."
FILE,"	WindowsMetroUserPinnedFavoriteTiles","	%%users.localappdata%%\Microsoft\Windows\RoamingTiles","	Windows Metro user-pinned favorite tiles."
REGV,"	WindowsMostRecentApplication","	HKEY_LOCAL_MACHINE\Software\Microsoft\*\MostRecentApplication;Name;HKEY_USERS\%%users.sid%%\Software\Microsoft\*\MostRecentApplication;Name","	Windows Most Recent Application name key"
REGK,"	WindowsMSDTCDLLs	",HKEY_LOCAL_MACHINE\Software\Microsoft\MSDTC\MTxOCI\*;HKEY_USERS\%%users.sid%%\Software\Microsoft\MSDTC\MTxOCI\*,"	Windows MSDTC attempts to load these DLLs on start"
REGK,"	WindowsMultiMediaDrivers","	HKEY_LOCAL_MACHINE\SOFTWARE\Microsoft\Windows NT\CurrentVersion\Drivers32\*","	Configured drivers for different multimedia filetypes."
REGK,"	WindowsNetworkShellHelpers	",HKEY_LOCAL_MACHINE\Software\Microsoft\Netsh;HKEY_LOCAL_MACHINE\Software\Wow6432Node\Microsoft\Netsh,"	Windows Network Shell (netsh) helpers are loaded on boot"
REGK,"	WindowsOpenSaveMRU	",HKEY_USERS\%%users.sid%%\Software\Microsoft\Windows\CurrentVersion\Explorer\ComDIg32\OpenSaveMRU\*\*,"	Information about files opened or saved in a Windows shell dialog."
REGK,"	WindowsOpenSavePidlMRU","	HKEY_USERS\%%users.sid%%\Software\Microsoft\Windows\CurrentVersion\Explorer\ComDlg32\OpenSavePidlMRU\*\*","	Information about files opened or saved in a Windows shell dialog."
REGV,"	WindowsPendingFileRenames	",HKEY_LOCAL_MACHINE\System\CurrentControlSet\Control\Session Manager;PendingFileRenameOperations,"	Windows Pending file renames on reboot"
REGK,"	WindowsPLAPProviders	",HKEY_LOCAL_MACHINE\Software\Microsoft\Windows\CurrentVersion\Authentication\PLAP Providers\*;HKEY_LOCAL_MACHINE\Software\Wow6432Node\Microsoft\Windows\CurrentVersion\Authentication\PLAP Providers\*,"	Windows Pre-Logon Access Provider (PLAP) Providers"
REGK,"	WindowsPolicyDisallowRun	",HKEY_USERS\%%users.sid%%\Software\Microsoft\Windows\CurrentVersion\Policies\Explorer\DisallowRun\*,"	Restrict users from running specific applications - typically used by malware to block AV."
FILE,"	WindowsPowerShellDefaultProfiles","	%%environ_systemroot%%\system32\WindowsPowerShell\v1.0\profile.ps1;%%environ_systemroot%%\system32\WindowsPowerShell\v1.0\Microsoft.PowerShell_profile.ps1;%%users.userprofile%%\Documents\WindowsPowerShell\profile.ps1;%%users.userprofile%%\Documents\WindowsPowerShell\Microsoft.PowerShell_profile.ps1","	Default PowerShell Profile files. These files are executed by default when PowerShell starts up."
REGV,"	WindowsPowerShellEnableScripts","	HKEY_USERS\%%users.sid%%\Software\Policies\Microsoft\Windows\PowerShell;EnableScripts;HKEY_LOCAL_MACHINE\Software\Policies\Microsoft\Windows\PowerShell;EnableScripts","	Registry keys that control whether PowerShell scripts can execute directly."
REGV,"	WindowsPowerShellExecutionPolicies	",HKEY_USERS\%%users.sid%%\Software\Policies\Microsoft\Windows\PowerShell;ExecutionPolicy;HKEY_LOCAL_MACHINE\Software\Policies\Microsoft\Windows\PowerShell;ExecutionPolicy,"	PowerShell Script Execution Policies for all users and the system."
FILE,"	WindowsPrefetchFiles	",%%environ_systemroot%%\Prefetch\*.pf,"	Windows Prefetch files."
REGV,"	WindowsPrintMonitors	",HKEY_LOCAL_MACHINE\System\CurrentControlSet\Control\Print\Monitors\*;Driver,"	Windows Print Monitor DLL config."
REGV,"	WindowsProductName	",HKEY_LOCAL_MACHINE\Software\Microsoft\Windows NT\CurrentVersion;ProductName,"	The Windows product name."
REGV,"	WindowsProgramsCache	",HKEY_USERS\%%users.sid%%\Software\Microsoft\Windows\CurrentVersion\Explorer\StartPage;ProgramsCache;HKEY_USERS\%%users.sid%%\Software\Microsoft\Windows\CurrentVersion\Explorer\StartPage2;ProgramsCache,"	Windows Programs Cache."
REGV,"	WindowsProxyPACAutoConfigURL	",HKEY_USERS\%%users.sid%%\Software\Microsoft\Windows\CurrentVersion\Internet Settings;AutoConfigURL,"	Windows Proxy PAC AutoConfigURL."
FILE,"	WindowsRecentFileCacheBCF","	%%environ_systemroot%%\AppCompat\Programs\RecentFileCache.bcf","	The RecentFileCache.bcf file."
FILE,"	WindowsRecycleBin	",\$Recycle.Bin\**;\Recycler\**,"	Windows Recycle Bin (Recyler - $Recycle.Bin) files."
REGV,"	WindowsRegistryCurrentControlSet","	HKEY_LOCAL_MACHINE\System\Select;Current","	The current control set of the Windows Registry."
REGV,"	WindowsRegistryProfiles	",HKEY_LOCAL_MACHINE\Software\Microsoft\Windows NT\CurrentVersion\ProfileList\*;ProfileImagePath,"	Get SIDs for all users on the system with profiles present in the Registry."
REGV,"	WindowsReleaseIdentifier	",HKEY_LOCAL_MACHINE\Software\Microsoft\Windows NT\CurrentVersion;ReleaseID,"	The Windows 10 release identifier (or version number)."
FILE,"	WindowsRoverAutostartDLL	",%%environ_systemroot%%\System32\rover.dll,"	If this file exists and the Rover autostart Registry key is set userinit.exe will load this file and call its RunMonitor export."
REGK,"	WindowsRoverAutostartKey	","HKEY_CLASSES_ROOT\CLSID\{16d12736-7a9e-4765-bec6-f301d679caaa	When set userinit.exe will load the DLL at %SystemRoot%\System32\rover.dll", and call its RunMonitor export.
REGV,"	WindowsRunGrpConv	",HKEY_USERS\%%users.sid%%\Software\Microsoft\Windows NT\CurrentVersion\Winlogon;RunGrpConv,"	When this Registry value is non-zero userinit.exe will launch grpconv.exe at user login."
REGK,"	WindowsRunKeys	",HKEY_LOCAL_MACHINE\Software\Microsoft\Windows\CurrentVersion\Policies\Explorer\Run\*;HKEY_LOCAL_MACHINE\Software\Microsoft\Windows\CurrentVersion\Run\*;HKEY_LOCAL_MACHINE\Software\Microsoft\Windows\CurrentVersion\RunOnce\*;HKEY_LOCAL_MACHINE\Software\Microsoft\Windows\CurrentVersion\RunOnce\Setup\*;HKEY_LOCAL_MACHINE\Software\Microsoft\Windows\CurrentVersion\RunOnceEx\*;HKEY_LOCAL_MACHINE\Software\Wow6432Node\Microsoft\Windows\CurrentVersion\Run\*;HKEY_LOCAL_MACHINE\Software\Wow6432Node\Microsoft\Windows\CurrentVersion\RunOnce\*;HKEY_LOCAL_MACHINE\Software\Wow6432Node\Microsoft\Windows\CurrentVersion\RunOnce\Setup\*;HKEY_LOCAL_MACHINE\Software\Wow6432Node\Microsoft\Windows\CurrentVersion\RunOnceEx\*;HKEY_LOCAL_MACHINE\Software\Wow6432Node\Microsoft\Windows\CurrentVersion\Policies\Explorer\Run\*;HKEY_USERS\%%users.sid%%\Software\Microsoft\Windows\CurrentVersion\Policies\Explorer\Run\*;HKEY_USERS\%%users.sid%%\Software\Microsoft\Windows\CurrentVersion\Run\*;HKEY_USERS\%%users.sid%%\Software\Microsoft\Windows\CurrentVersion\RunOnce\*;HKEY_USERS\%%users.sid%%\Software\Microsoft\Windows\CurrentVersion\RunOnce\Setup\*;HKEY_USERS\%%users.sid%%\Software\Microsoft\Windows\CurrentVersion\RunOnceEx\*;HKEY_USERS\%%users.sid%%\Software\Wow6432Node\Microsoft\Windows\CurrentVersion\Policies\Explorer\Run\*;HKEY_USERS\%%users.sid%%\Software\Wow6432Node\Microsoft\Windows\CurrentVersion\Run\*;HKEY_USERS\%%users.sid%%\Software\Wow6432Node\Microsoft\Windows\CurrentVersion\RunOnce\*;HKEY_USERS\%%users.sid%%\Software\Wow6432Node\Microsoft\Windows\CurrentVersion\RunOnce\Setup\*;HKEY_USERS\%%users.sid%%\Software\Wow6432Node\Microsoft\Windows\CurrentVersion\RunOnceEx\*,"	Windows Run and RunOnce keys."
REGK,"	WindowsRunServices	",HKEY_LOCAL_MACHINE\Software\Microsoft\Windows\CurrentVersion\RunServicesOnce\*;HKEY_LOCAL_MACHINE\Software\Microsoft\Windows\CurrentVersion\RunServices\*;HKEY_LOCAL_MACHINE\Software\Wow6432Node\Microsoft\Windows\CurrentVersion\RunServicesOnce\*;HKEY_LOCAL_MACHINE\Software\Wow6432Node\Microsoft\Windows\CurrentVersion\RunServices\*;HKEY_USERS\%%users.sid%%\Software\Microsoft\Windows\CurrentVersion\RunServicesOnce\*;HKEY_USERS\%%users.sid%%\Software\Microsoft\Windows\CurrentVersion\RunServices\*;HKEY_USERS\%%users.sid%%\Software\Wow6432Node\Microsoft\Windows\CurrentVersion\RunServicesOnce\*;HKEY_USERS\%%users.sid%%\Software\Wow6432Node\Microsoft\Windows\CurrentVersion\RunServices\*,"	Windows Run Services."
FILE,"	WindowsScheduledTasks","	%%environ_systemroot%%\Tasks\**10;%%environ_systemroot%%\System32\Tasks\**10;%%environ_systemroot%%\SysWow64\Tasks\**10","	Windows Scheduled Tasks."
REGV,"	WindowsScreenSaverExecutable	",HKEY_USERS\%%users.sid%%\Software\Policies\Microsoft\Windows\Control Panel\Desktop;scrnsave.exe;HKEY_USERS\%%users.sid%%\Control Panel\Desktop;scrnsave.exe,"	ScreenSaver Executable"
FILE,"	WindowsSearchDatabase	",%%environ_allusersappdata%%\Microsoft\Search\Data\Applications\Windows\Windows.edb,"	Windows Search database (Windows.edb)."
REGK,"	WindowsSecurityProviders	",HKEY_LOCAL_MACHINE\System\CurrentControlSet\Control\SecurityProviders\*,"	Security Providers DLLs"
REGV,"	WindowsServiceControlManagerExtension","	HKEY_LOCAL_MACHINE\System\CurrentControlSet\Control;ServiceControlManagerExtension","	Windows service control manager extension"
REGK,"	WindowsServices","	HKEY_LOCAL_MACHINE\System\CurrentControlSet\services\*\*;HKEY_LOCAL_MACHINE\System\CurrentControlSet\services\*\Parameters\*","	Windows services from the Registry."
REGV,"	WindowsSessionManagerBootExecute","	HKEY_LOCAL_MACHINE\System\CurrentControlSet\Control\Session Manager;BootExecute","	Windows Session Manager BootExecute persistence."
REGV,"	WindowsSessionManagerExecute	",HKEY_LOCAL_MACHINE\System\CurrentControlSet\Control\Session Manager;Execute,"	Windows Session Manager Execute persistence"
REGV,"	WindowsSessionManagerSetupExecute","	HKEY_LOCAL_MACHINE\System\CurrentControlSet\Control\Session Manager;SetupExecute","	Windows Session Manager SetupExecute persistence"
REGV,"	WindowsSessionManagerSubSystems	",HKEY_LOCAL_MACHINE\System\CurrentControlSet\Control\Session Manager\SubSystems;Windows,"	Windows Session Manager SubSystems persistence"
REGV,"	WindowsSessionManagerWOWCommandLine","	HKEY_LOCAL_MACHINE\System\CurrentControlSet\Control\Session Manager\WOW;cmdline;HKEY_LOCAL_MACHINE\System\CurrentControlSet\Control\Session Manager\WOW;wowcmdline","	Windows Session Manager Windows-on-Windows (WOW) command line"
REGK,"	WindowsSharedTaskScheduler	",HKEY_LOCAL_MACHINE\Software\Microsoft\Windows\CurrentVersion\Explorer\SharedTaskScheduler\*;HKEY_USERS\%%users.sid%%\Software\Microsoft\Windows\CurrentVersion\Explorer\SharedTaskScheduler\*,"	Runs on windows boot."
REGK,"	WindowsShellExecuteHooks	",HKEY_LOCAL_MACHINE\Software\Microsoft\Windows\CurrentVersion\Explorer\ShellExecuteHooks\*;HKEY_LOCAL_MACHINE\Software\Wow6432Node\Microsoft\Windows\CurrentVersion\Explorer\ShellExecuteHooks\*,"	Shell execution hooks are called when ShellExecuteEx() is called."
REGK,"	WindowsShellExtensions	",HKEY_LOCAL_MACHINE\Software\Microsoft\Windows\CurrentVersion\Shell Extensions\Approved;HKEY_LOCAL_MACHINE\Software\Wow6432Node\Microsoft\Windows\CurrentVersion\Shell Extensions\Approved;HKEY_USERS\%%users.sid%%\Software\Microsoft\Windows\CurrentVersion\Shell Extensions\Approved;HKEY_USERS\%%users.sid%%\Software\Wow6432Node\Microsoft\Windows\CurrentVersion\Shell Extensions\Approved,"	Approved extensions to the Windows Shell (explorer.exe)."
REGK,"	WindowsShellHandlersRegistryKeys	",HKEY_LOCAL_MACHINE\Software\Classes\*\ShellEx\ColumnHandlers\*;HKEY_LOCAL_MACHINE\Software\Classes\*\ShellEx\ContextMenuHandlers\*;HKEY_LOCAL_MACHINE\Software\Classes\*\ShellEx\CopyHookHandlers\*;HKEY_LOCAL_MACHINE\Software\Classes\*\ShellEx\DragDropHandlers\*;HKEY_LOCAL_MACHINE\Software\Classes\*\ShellEx\PropertySheetHandlers\*;HKEY_LOCAL_MACHINE\Software\Classes\Directory\Background\ShellEx\ContextMenuHandlers\*;HKEY_LOCAL_MACHINE\Software\Classes\Directory\Background\ShellEx\CopyHookHandlers\*;HKEY_LOCAL_MACHINE\Software\Classes\Directory\Background\ShellEx\DragDropHandlers\*;HKEY_LOCAL_MACHINE\Software\Classes\Directory\Background\ShellEx\PropertySheetHandlers\*;HKEY_LOCAL_MACHINE\Software\Classes\Wow6432Node\*\ShellEx\ColumnHandlers\*;HKEY_LOCAL_MACHINE\Software\Classes\Wow6432Node\*\ShellEx\ContextMenuHandlers\*;HKEY_LOCAL_MACHINE\Software\Classes\Wow6432Node\*\ShellEx\CopyHookHandlers\*;HKEY_LOCAL_MACHINE\Software\Classes\Wow6432Node\*\ShellEx\DragDropHandlers\*;HKEY_LOCAL_MACHINE\Software\Classes\Wow6432Node\*\ShellEx\PropertySheetHandlers\*;HKEY_LOCAL_MACHINE\Software\Classes\Wow6432Node\Directory\Background\ShellEx\ContextMenuHandlers\*;HKEY_LOCAL_MACHINE\Software\Classes\Wow6432Node\Directory\Background\ShellEx\CopyHookHandlers\*;HKEY_LOCAL_MACHINE\Software\Classes\Wow6432Node\Directory\Background\ShellEx\DragDropHandlers\*;HKEY_LOCAL_MACHINE\Software\Classes\Wow6432Node\Directory\Background\ShellEx\PropertySheetHandlers\*;HKEY_USERS\%%users.sid%%\Software\Classes\*\ShellEx\ColumnHandlers\*;HKEY_USERS\%%users.sid%%\Software\Classes\*\ShellEx\ContextMenuHandlers\*;HKEY_USERS\%%users.sid%%\Software\Classes\*\ShellEx\CopyHookHandlers\*;HKEY_USERS\%%users.sid%%\Software\Classes\*\ShellEx\DragDropHandlers\*;HKEY_USERS\%%users.sid%%\Software\Classes\*\ShellEx\PropertySheetHandlers\*;HKEY_USERS\%%users.sid%%\Software\Classes\Directory\Background\ShellEx\ContextMenuHandlers\*;HKEY_USERS\%%users.sid%%\Software\Classes\Directory\Background\ShellEx\CopyHookHandlers\*;HKEY_USERS\%%users.sid%%\Software\Classes\Directory\Background\ShellEx\DragDropHandlers\*;HKEY_USERS\%%users.sid%%\Software\Classes\Directory\Background\ShellEx\PropertySheetHandlers\*;HKEY_USERS\%%users.sid%%\Software\Classes\Wow6432Node\*\ShellEx\ColumnHandlers\*;HKEY_USERS\%%users.sid%%\Software\Classes\Wow6432Node\*\ShellEx\ContextMenuHandlers\*;HKEY_USERS\%%users.sid%%\Software\Classes\Wow6432Node\*\ShellEx\CopyHookHandlers\*;HKEY_USERS\%%users.sid%%\Software\Classes\Wow6432Node\*\ShellEx\DragDropHandlers\*;HKEY_USERS\%%users.sid%%\Software\Classes\Wow6432Node\*\ShellEx\PropertySheetHandlers\*;HKEY_USERS\%%users.sid%%\Software\Classes\Wow6432Node\Directory\Background\ShellEx\ContextMenuHandlers\*;HKEY_USERS\%%users.sid%%\Software\Classes\Wow6432Node\Directory\Background\ShellEx\CopyHookHandlers\*;HKEY_USERS\%%users.sid%%\Software\Classes\Wow6432Node\Directory\Background\ShellEx\DragDropHandlers\*;HKEY_USERS\%%users.sid%%\Software\Classes\Wow6432Node\Directory\Background\ShellEx\PropertySheetHandlers\*,"	Windows registry values for shell handler artifacts."
REGK,"	WindowsShellIconOverlayIdentifiers","	HKEY_LOCAL_MACHINE\Software\Microsoft\Windows\CurrentVersion\Explorer\ShellIconOverlayIdentifiers\*;HKEY_LOCAL_MACHINE\Software\Wow6432Node\Microsoft\Windows\CurrentVersion\Explorer\ShellIconOverlayIdentifiers\*;HKEY_USERS\%%users.sid%%\Software\Microsoft\Windows\CurrentVersion\Explorer\ShellIconOverlayIdentifiers\*;HKEY_USERS\%%users.sid%%\Software\Wow6432Node\Microsoft\Windows\CurrentVersion\Explorer\ShellIconOverlayIdentifiers\*","	Called to display custom icons."
REGV,"	WindowsShellLoadAndRun","	HKEY_USERS\%%users.sid%%\Software\Microsoft\Windows NT\CurrentVersion\Windows;Load;HKEY_USERS\%%users.sid%%\Software\Microsoft\Windows NT\CurrentVersion\Windows;Run;HKEY_USERS\%%users.sid%%\Software\Wow6432Node\Microsoft\Windows NT\CurrentVersion\Windows;Load;HKEY_USERS\%%users.sid%%\Software\Wow6432Node\Microsoft\Windows NT\CurrentVersion\Windows;Run","	Windows Shell Load and Run values"
REGV,"	WindowsIconServiceLib	",HKEY_LOCAL_MACHINE\Software\Microsoft\Windows NT\CurrentVersion\Windows;IconServiceLib,"	The value should default to 'IconCodecService.dll'"
REGV,"	WindowsShellOpenCommand","	HKEY_LOCAL_MACHINE\Software\Classes\*\shell\open\command;;HKEY_LOCAL_MACHINE\Software\Classes\*\shell\open\command;IsolatedCommand;HKEY_LOCAL_MACHINE\Software\Classes\Wow6432Node\*\shell\open\command;;HKEY_LOCAL_MACHINE\Software\Classes\Wow6432Node\*\shell\open\command;IsolatedCommand;HKEY_USERS\%%users.sid%%\Software\Classes\*\shell\open\command;;HKEY_USERS\%%users.sid%%\Software\Classes\*\shell\open\command;IsolatedCommand;HKEY_USERS\%%users.sid%%\Software\Classes\Wow6432Node\*\shell\open\command;;HKEY_USERS\%%users.sid%%\Software\Classes\Wow6432Node\*\shell\open\command;IsolatedCommand","	Executed every time this file type is opened. For most file types the value should be '""""%1"""" %*'."""
REGV,"	WindowsShellRunasCommand","	HKEY_LOCAL_MACHINE\Software\Classes\*\shell\runas\command;;HKEY_LOCAL_MACHINE\Software\Classes\*\shell\runas\command;IsolatedCommand;HKEY_LOCAL_MACHINE\Software\Classes\Wow6432Node\*\shell\runas\command;;HKEY_LOCAL_MACHINE\Software\Classes\Wow6432Node\*\shell\runas\command;IsolatedCommand;HKEY_USERS\%%users.sid%%\Software\Classes\*\shell\runas\command;;HKEY_USERS\%%users.sid%%\Software\Classes\*\shell\runas\command;IsolatedCommand;HKEY_USERS\%%users.sid%%\Software\Classes\Wow6432Node\*\shell\runas\command;;HKEY_USERS\%%users.sid%%\Software\Classes\Wow6432Node\*\shell\runas\command;IsolatedCommand","	""Executed every time an executable or script file type is run as administrator. For most file types the value should be '""""%1"""" %*' or something similar."""
REGK,"	WindowsShellServiceObjects","	HKEY_LOCAL_MACHINE\Software\Microsoft\Windows\CurrentVersion\ShellServiceObjectDelayLoad;HKEY_LOCAL_MACHINE\Software\Wow6432Node\Microsoft\Windows\CurrentVersion\ShellServiceObjectDelayLoad","	Windows Shell (explorer.exe) service objects delayed load."
FILE,"	WindowsSetupApiLogs	",%%environ_systemroot%%\setupapi.log;%%environ_systemroot%%\inf\setupapi.app.log;%%environ_systemroot%%\inf\setupapi.dev.log;%%environ_systemroot%%\inf\setupapi.offline.log,"	Windows setup API logs."
REGV,"	WindowsShutdownScript	",HKEY_LOCAL_MACHINE\Software\Policies\Microsoft\Windows\System\Scripts;Shutdown;HKEY_LOCAL_MACHINE\Software\Microsoft\Windows\CurrentVersion\Group Policy\Scripts\Shutdown\*\*;Script;HKEY_LOCAL_MACHINE\Software\Microsoft\Windows\CurrentVersion\Group Policy\Scripts\Shutdown\*\*;Parameters;HKEY_LOCAL_MACHINE\Software\Microsoft\Windows\CurrentVersion\Group Policy\State\Machine\Scripts\Shutdown\*\*;Script;HKEY_LOCAL_MACHINE\Software\Microsoft\Windows\CurrentVersion\Group Policy\State\Machine\Scripts\Shutdown\*\*;Parameters,"	Windows policy shutdown script"
REGV,"	WindowsStartupFolderModification","	HKEY_LOCAL_MACHINE\Software\Microsoft\Windows\CurrentVersion\Explorer\Shell Folders;Common Startup;HKEY_LOCAL_MACHINE\Software\Microsoft\Windows\CurrentVersion\Explorer\Shell Folders;Startup;HKEY_LOCAL_MACHINE\Software\Microsoft\Windows\CurrentVersion\Explorer\User Shell Folders;Common Startup;HKEY_LOCAL_MACHINE\Software\Microsoft\Windows\CurrentVersion\Explorer\User Shell Folders;Startup;HKEY_LOCAL_MACHINE\Software\Wow6432Node\Microsoft\Windows\CurrentVersion\Explorer\Shell Folders;Common Startup;HKEY_LOCAL_MACHINE\Software\Wow6432Node\Microsoft\Windows\CurrentVersion\Explorer\Shell Folders;Startup;HKEY_LOCAL_MACHINE\Software\Wow6432Node\Microsoft\Windows\CurrentVersion\Explorer\User Shell Folders;Common Startup;HKEY_LOCAL_MACHINE\Software\Wow6432Node\Microsoft\Windows\CurrentVersion\Explorer\User Shell Folders;Startup;HKEY_USERS\%%users.sid%%\Software\Microsoft\Windows\CurrentVersion\Explorer\Shell Folders;Common Startup;HKEY_USERS\%%users.sid%%\Software\Microsoft\Windows\CurrentVersion\Explorer\Shell Folders;Startup;HKEY_USERS\%%users.sid%%\Software\Microsoft\Windows\CurrentVersion\Explorer\User Shell Folders;Common Startup;HKEY_USERS\%%users.sid%%\Software\Microsoft\Windows\CurrentVersion\Explorer\User Shell Folders;Startup;HKEY_USERS\%%users.sid%%\Software\Wow6432Node\Microsoft\Windows\CurrentVersion\Explorer\Shell Folders;Common Startup;HKEY_USERS\%%users.sid%%\Software\Wow6432Node\Microsoft\Windows\CurrentVersion\Explorer\Shell Folders;Startup;HKEY_USERS\%%users.sid%%\Software\Wow6432Node\Microsoft\Windows\CurrentVersion\Explorer\User Shell Folders;Common Startup;HKEY_USERS\%%users.sid%%\Software\Wow6432Node\Microsoft\Windows\CurrentVersion\Explorer\User Shell Folders;Startup","	Windows startup folder Registry values."
FILE,"	WindowsStartupFolders","	%%environ_allusersprofile%%\Microsoft\Windows\Start Menu\Programs\Startup\*;%%environ_allusersprofile%%\Start Menu\Programs\Startup\*;%%users.appdata%%\Microsoft\Windows\Start Menu\Programs\Startup\*;%%users.userprofile%%\Start Menu\Programs\Startup\*","	Windows startup folder persistence."
REGV,"	WindowsStartupScript","	HKEY_LOCAL_MACHINE\Software\Policies\Microsoft\Windows\System\Scripts;Startup;HKEY_LOCAL_MACHINE\Software\Microsoft\Windows\CurrentVersion\Group Policy\Scripts\Startup\*\*;Script;HKEY_LOCAL_MACHINE\Software\Microsoft\Windows\CurrentVersion\Group Policy\Scripts\Startup\*\*;Parameters;HKEY_LOCAL_MACHINE\Software\Microsoft\Windows\CurrentVersion\Group Policy\State\Machine\Scripts\Startup\*\*;Script;HKEY_LOCAL_MACHINE\Software\Microsoft\Windows\CurrentVersion\Group Policy\State\Machine\Scripts\Startup\*\*;Parameters","	Windows policy startup script"
REGV,"	WindowsStubPaths","	HKEY_LOCAL_MACHINE\Software\Microsoft\Active Setup\Installed Components\*;StubPath;HKEY_LOCAL_MACHINE\Software\Wow6432Node\Microsoft\Active Setup\Installed Components\*;StubPath;HKEY_USERS\%%users.sid%%\Software\Microsoft\Active Setup\Installed Components\*;StubPath;HKEY_USERS\%%users.sid%%\Software\Wow6432Node\Microsoft\Active Setup\Installed Components\*;StubPath","	Windows StubPath persistence."
FILE,"	WindowsSuperFetchFiles","	%%environ_systemroot%%\Prefetch\Ag*.db;%%environ_systemroot%%\Prefetch\Ag*.db.trx","	Windows SuperFetch files."
FILE,"	WindowsSystemIniFiles","	%%environ_systemdrive%%\system.ini;%%environ_windir%%\win.ini;%%environ_windir%%\wininit.ini","	Windows system ini files"
REGV,"	WindowsSystemPolicyShell	",HKEY_LOCAL_MACHINE\Software\Microsoft\Windows\CurrentVersion\Policies\System;Shell;HKEY_LOCAL_MACHINE\Software\Wow6432Node\Microsoft\Windows\CurrentVersion\Policies\System;Shell,"	Windows System policy replacement shell (custom user interface)"
FILE,"	WindowsSystemRegistryFilesBackup","	%%environ_systemroot%%\System32\config\RegBack\SAM;%%environ_systemroot%%\System32\config\RegBack\SECURITY;%%environ_systemroot%%\System32\config\RegBack\SOFTWARE;%%environ_systemroot%%\System32\config\RegBack\SYSTEM;","	Backup of Windows system Registry files."
FILE,"	WindowsSystemRegistryTransactionLogFilesBackup","	%%environ_systemroot%%\System32\config\RegBack\SAM.LOG;%%environ_systemroot%%\System32\config\RegBack\SAM.LOG1;%%environ_systemroot%%\System32\config\RegBack\SAM.LOG2;%%environ_systemroot%%\System32\config\RegBack\SECURITY.LOG;%%environ_systemroot%%\System32\config\RegBack\SECURITY.LOG1;%%environ_systemroot%%\System32\config\RegBack\SECURITY.LOG2;%%environ_systemroot%%\System32\config\RegBack\SOFTWARE.LOG;%%environ_systemroot%%\System32\config\RegBack\SOFTWARE.LOG1;%%environ_systemroot%%\System32\config\RegBack\SOFTWARE.LOG2;%%environ_systemroot%%\System32\config\RegBack\SYSTEM.LOG;%%environ_systemroot%%\System32\config\RegBack\SYSTEM.LOG1;%%environ_systemroot%%\System32\config\RegBack\SYSTEM.LOG2","	Backup of Windows system Registry transaction log files. Typically 0 bytes in size."
FILE,"	WindowsSystemRegistryFiles	",%%environ_systemroot%%\System32\config\SAM;%%environ_systemroot%%\System32\config\SECURITY;%%environ_systemroot%%\System32\config\SOFTWARE;%%environ_systemroot%%\System32\config\SYSTEM;\System Volume Information\Syscache.hve,"	Windows system Registry files."
FILE,"	WindowsSystemRegistryTransactionLogFiles	",%%environ_systemroot%%\System32\config\SAM.LOG;%%environ_systemroot%%\System32\config\SAM.LOG1;%%environ_systemroot%%\System32\config\SAM.LOG2;%%environ_systemroot%%\System32\config\SECURITY.LOG;%%environ_systemroot%%\System32\config\SECURITY.LOG1;%%environ_systemroot%%\System32\config\SECURITY.LOG2;%%environ_systemroot%%\System32\config\SOFTWARE.LOG;%%environ_systemroot%%\System32\config\SOFTWARE.LOG1;%%environ_systemroot%%\System32\config\SOFTWARE.LOG2;%%environ_systemroot%%\System32\config\SYSTEM.LOG;%%environ_systemroot%%\System32\config\SYSTEM.LOG1;%%environ_systemroot%%\System32\config\SYSTEM.LOG2,"	Windows system Registry transaction log files."
FILE,"	WindowsSystemResourceUsageMonitorDatabaseFile	",%%environ_systemroot%%\System32\sru\SRUDB.dat,"	Windows System Resource Usage Monitor (SRUM) database file."
FILE,"	WindowsTempDirectories","	%%environ_systemdrive%%\Temp\*;'%%environ_systemroot%%\Temp\*;%%users.localappdata%%\Temp\*","	Contents of the Windows temporary directories"
REGK,"	WindowsTerminalServerRunKeys	",HKEY_LOCAL_MACHINE\Software\Microsoft\Windows NT\CurrentVersion\Terminal Server\Install\Software\Microsoft\Windows\CurrentVersion\Runonce\*;HKEY_LOCAL_MACHINE\Software\Microsoft\Windows NT\CurrentVersion\Terminal Server\Install\Software\Microsoft\Windows\CurrentVersion\RunonceEx\*;HKEY_LOCAL_MACHINE\Software\Microsoft\Windows NT\CurrentVersion\Terminal Server\Install\Software\Microsoft\Windows\CurrentVersion\Run\*;HKEY_LOCAL_MACHINE\Software\Wow6432Node\Microsoft\Windows NT\CurrentVersion\Terminal Server\Install\Software\Microsoft\Windows\CurrentVersion\Runonce\*;HKEY_LOCAL_MACHINE\Software\Wow6432Node\Microsoft\Windows NT\CurrentVersion\Terminal Server\Install\Software\Microsoft\Windows\CurrentVersion\RunonceEx\*;HKEY_LOCAL_MACHINE\Software\Wow6432Node\Microsoft\Windows NT\CurrentVersion\Terminal Server\Install\Software\Microsoft\Windows\CurrentVersion\Run\*;HKEY_USERS\%%users.sid%%\Software\Microsoft\Windows NT\CurrentVersion\Terminal Server\Install\Software\Microsoft\Windows\CurrentVersion\Runonce\*;HKEY_USERS\%%users.sid%%\Software\Microsoft\Windows NT\CurrentVersion\Terminal Server\Install\Software\Microsoft\Windows\CurrentVersion\RunonceEx\*;HKEY_USERS\%%users.sid%%\Software\Microsoft\Windows NT\CurrentVersion\Terminal Server\Install\Software\Microsoft\Windows\CurrentVersion\Run\*;HKEY_USERS\%%users.sid%%\Software\Wow6432Node\Microsoft\Windows NT\CurrentVersion\Terminal Server\Install\Software\Microsoft\Windows\CurrentVersion\Runonce\*;HKEY_USERS\%%users.sid%%\Software\Wow6432Node\Microsoft\Windows NT\CurrentVersion\Terminal Server\Install\Software\Microsoft\Windows\CurrentVersion\RunonceEx\*;HKEY_USERS\%%users.sid%%\Software\Wow6432Node\Microsoft\Windows NT\CurrentVersion\Terminal Server\Install\Software\Microsoft\Windows\CurrentVersion\Run\*,"	Windows Terminal Server Run keys"
REGV,"	WindowsTerminalServerStartupPrograms	",HKEY_LOCAL_MACHINE\System\CurrentControlSet\Control\Terminal Server\Wds\rdpwd;StartupPrograms,"	Windows Terminal Server Startup Programs"
REGV,"	WindowsTerminalServerInitialProgram","	HKEY_LOCAL_MACHINE\System\CurrentControlSet\Control\Terminal Server\WinStations\RDP-Tcp;InitialProgram","	Windows Terminal Server Initial Program"
REGK,"	WindowsActiveSyncAutoStart","	HKEY_LOCAL_MACHINE\Software\Microsoft\Windows CE Services\AutoStartOnConnect\*;HKEY_LOCAL_MACHINE\Software\Microsoft\Windows CE Services\AutoStartOnDisconnect\*;HKEY_LOCAL_MACHINE\Software\Wow6432Node\Microsoft\Windows CE Services\AutoStartOnConnect\*;HKEY_LOCAL_MACHINE\Software\Wow6432Node\Microsoft\Windows CE Services\AutoStartOnDisconnect\*","	Windows ActiveSync AutoStart entries"
REGV,"	WindowsTimezone	",HKEY_LOCAL_MACHINE\System\CurrentControlSet\Control\TimeZoneInformation;StandardName,"	The timezone of the system in Olson format."
REGK,"	WindowsToolPaths	",HKEY_LOCAL_MACHINE\SOFTWARE\Microsoft\Windows\CurrentVersion\Explorer\MyComputer\BackupPath;HKEY_LOCAL_MACHINE\SOFTWARE\Microsoft\Windows\CurrentVersion\Explorer\MyComputer\ChkDskPath;HKEY_LOCAL_MACHINE\SOFTWARE\Microsoft\Windows\CurrentVersion\Explorer\MyComputer\cleanuppath;HKEY_LOCAL_MACHINE\SOFTWARE\Microsoft\Windows\CurrentVersion\Explorer\MyComputer\DefragPath,"	Paths to windows tools such as defrag or chkdsk."
REGK,"	WindowsUninstallKeys	",HKEY_LOCAL_MACHINE\Software\Microsoft\Windows\CurrentVersion\Uninstall\*,"	Uninstall Registry keys"
REGV,"	WindowsUpdateBuildRevision	",HKEY_LOCAL_MACHINE\Software\Microsoft\Windows NT\CurrentVersion;UBR,"	Windows kernel update build revision (UBR)."
REGV,"	WindowsUpdateStatus	",HKEY_LOCAL_MACHINE\Software\Microsoft\Windows\CurrentVersion\WindowsUpdate\Auto Update\Results\Detect;LastError;HKEY_LOCAL_MACHINE\Software\Microsoft\Windows\CurrentVersion\WindowsUpdate\Auto Update\Results\Detect;LastSuccessTime;HKEY_LOCAL_MACHINE\Software\Microsoft\Windows\CurrentVersion\WindowsUpdate\Auto Update\Results\Download;LastError;HKEY_LOCAL_MACHINE\Software\Microsoft\Windows\CurrentVersion\WindowsUpdate\Auto Update\Results\Download;LastSuccessTime;HKEY_LOCAL_MACHINE\Software\Microsoft\Windows\CurrentVersion\WindowsUpdate\Auto Update\Results\Install;LastError;HKEY_LOCAL_MACHINE\Software\Microsoft\Windows\CurrentVersion\WindowsUpdate\Auto Update\Results\Install;LastSuccessTime,"	Windows auto update status."
DIR,"	WindowsUserDownloadsDirectory","	%%users.userprofile%%\Downloads\*","	User downloads directory"
FILE,"	WindowsUserRecentFiles	",%%users.appdata%%\Microsoft\Office\Recent\*;%%users.appdata%%\Microsoft\Windows\Recent\*,"	Windows user specific recent files."
FILE,"	WindowsUserRegistryFiles","	%%users.userprofile%%\NTUSER.DAT;%%users.userprofile%%\NTUSER.MAN;%%users.localappdata%%\Microsoft\Windows\UsrClass.dat","	Windows user specific Registry files."
FILE,"	WindowsUserRegistryTransactionLogFiles	",%%users.userprofile%%\NTUSER.DAT.LOG;%%users.userprofile%%\NTUSER.DAT.LOG1;%%users.userprofile%%\NTUSER.DAT.LOG2;%%users.localappdata%%\Microsoft\Windows\UsrClass.dat.LOG;%%users.localappdata%%\Microsoft\Windows\UsrClass.dat.LOG1;%%users.localappdata%%\Microsoft\Windows\UsrClass.dat.LOG2,"	Windows user Registry transaction log files."
REGK,"	WindowsUserShellFolders","	HKEY_USERS\%%users.sid%%\Software\Microsoft\Windows\CurrentVersion\Explorer\Shell Folders\*;HKEY_USERS\%%users.sid%%\Environment\*;HKEY_USERS\%%users.sid%%\Volatile Environment\*","	The Shell Folders information for Windows users."
REGV,"	WindowsWinlogonGinaDLL","	HKEY_LOCAL_MACHINE\Software\Microsoft\Windows NT\CurrentVersion\Winlogon;GinaDLL;HKEY_USERS\%%users.sid%%\Software\Microsoft\Windows NT\CurrentVersion\Winlogon;GinaDLL","	Windows Gina DLL replacement."
REGV,"	WindowsWinlogonNotify","	HKEY_LOCAL_MACHINE\Software\Microsoft\Windows NT\CurrentVersion\Winlogon\Notify\*;DLLName;HKEY_USERS\%%users.sid%%\Software\Microsoft\Windows NT\CurrentVersion\Winlogon\Notify\*;DLLName","	Windows Winlogon Notify DLL names."
REGV,"	WindowsWinlogonShell","	HKEY_LOCAL_MACHINE\Software\Microsoft\Windows NT\CurrentVersion\Winlogon;Shell;HKEY_USERS\%%users.sid%%\Software\Microsoft\Windows NT\CurrentVersion\Winlogon;Shell","	Windows shell replacement."
REGV,"	WindowsWinlogonSystem","	HKEY_LOCAL_MACHINE\Software\Microsoft\Windows NT\CurrentVersion\Winlogon;System;HKEY_USERS\%%users.sid%%\Software\Microsoft\Windows NT\CurrentVersion\Winlogon;System","	Applications launched by Winlogon in the system context during the system initialization."
REGV,"	WindowsWinlogonTaskman","	HKEY_LOCAL_MACHINE\Software\Microsoft\Windows NT\CurrentVersion\Winlogon;Taskman;HKEY_USERS\%%users.sid%%\Software\Microsoft\Windows NT\CurrentVersion\Winlogon;Taskman","	Windows Winlogon Taskman replacement."
REGV,"	WindowsWinlogonUiHost","	HKEY_LOCAL_MACHINE\Software\Microsoft\Windows NT\CurrentVersion\Winlogon;UiHost;HKEY_USERS\%%users.sid%%\Software\Microsoft\Windows NT\CurrentVersion\Winlogon;UiHost","	Windows Winlogon UI screen application"
REGV,"	WindowsWinlogonUserinit","	HKEY_LOCAL_MACHINE\Software\Microsoft\Windows NT\CurrentVersion\Winlogon;Userinit;HKEY_USERS\%%users.sid%%\Software\Microsoft\Windows NT\CurrentVersion\Winlogon;Userinit","	Windows Winlogon Userinit replacement."
REGK,"	WindowsWinlogonAvailableShells","	HKEY_LOCAL_MACHINE\Software\Microsoft\Windows NT\CurrentVersion\Winlogon\AlternateShells\AvailableShells\*","	Used to specify alternate shell launched when logging into Server 2012 and later - legit keys should utilize cmd.exe or explorer.exe - malware may create others"
REGV,"	WindowsWinlogonVMApplet","	HKEY_LOCAL_MACHINE\Software\Microsoft\Windows NT\CurrentVersion\Winlogon;VMApplet;HKEY_USERS\%%users.sid%%\Software\Microsoft\Windows NT\CurrentVersion\Winlogon;VMApplet","	Windows VMApplet replacement."
FILE,"	WindowsWinstart","	%%environ_windir%%\winstart.bat;%%environ_windir%%\dosstart.bat","	Windows winstart.bat file"
REGV,"	WindowsWinlogonAppSetup	",HKEY_LOCAL_MACHINE\Software\Microsoft\Windows NT\CurrentVersion\Winlogon;AppSetup,"	Windows Winlogon Appsetup"
REGK,"	WinSock2LayeredServiceProviders","	HKEY_LOCAL_MACHINE\System\CurrentControlSet\Services\WinSock2\Parameters\Protocol_Catalog9\Catalog_Entries\*;HKEY_LOCAL_MACHINE\System\CurrentControlSet\Services\WinSock2\Parameters\Protocol_Catalog9\Catalog_Entries64\*","	Used to filter TCP/IP traffic through WinSock2."
REGV,"	WinSock2NamespaceProviders	",HKEY_LOCAL_MACHINE\System\CurrentControlSet\Services\WinSock2\Parameters\NameSpace_Catalog5\Catalog_Entries\*;LibraryPath;HKEY_LOCAL_MACHINE\System\CurrentControlSet\Services\WinSock2\Parameters\NameSpace_Catalog5\Catalog_Entries64\*;LibraryPath,"	Used to provide name-resolution services through WinSock2"
REGV,"	WindowsDNSSettings","	HKEY_LOCAL_MACHINE\System\CurrentControlSet\Services\Tcpip\Parameters;NameServer;HKEY_LOCAL_MACHINE\System\CurrentControlSet\Services\Tcpip\Parameters\Interfaces\*;NameServer;HKEY_LOCAL_MACHINE\SYSTEM\CurrenControlSet\Services\Dnscache\Parameters;NameServer;HKEY_LOCAL_MACHINE\SYSTEM\CurrentControlSet\services\Tcpip\Parameters\Interfaces\*;DhcpNameServer;HKEY_LOCAL_MACHINE\SYSTEM\CurrentControlSet\services\Tcpip\Parameters\Interfaces\*;DhcpServer","	Windows Registry Keys that contain DNS and DHCP settings."
